,settlementDate,settlementPeriod,powerSystemResourceType,quantity
0,2021-07-19,1,"""Solar""",1
1,2021-07-19,1,"""Wind Offshore""",257.52
2,2021-07-19,1,"""Wind Onshore""",266.885
3,2021-07-19,1,"""Other""",139
4,2021-07-19,1,"""Nuclear""",4972
5,2021-07-19,1,"""Fossil Oil""",0
6,2021-07-19,1,"""Fossil Gas""",11225
7,2021-07-19,1,"""Fossil Hard coal""",845
8,2021-07-19,1,"""Hydro Run-of-river and poundage""",121
9,2021-07-19,1,"""Hydro Pumped Storage""",0
10,2021-07-19,1,"""Biomass""",2453
11,2021-07-19,2,"""Solar""",0
12,2021-07-19,2,"""Wind Offshore""",245.595
13,2021-07-19,2,"""Wind Onshore""",282.989
14,2021-07-19,2,"""Other""",138
15,2021-07-19,2,"""Nuclear""",4969
16,2021-07-19,2,"""Fossil Oil""",0
17,2021-07-19,2,"""Fossil Gas""",10659
18,2021-07-19,2,"""Fossil Hard coal""",646
19,2021-07-19,2,"""Hydro Run-of-river and poundage""",110
20,2021-07-19,2,"""Hydro Pumped Storage""",0
21,2021-07-19,2,"""Biomass""",2468
22,2021-07-19,3,"""Solar""",2
23,2021-07-19,3,"""Wind Offshore""",241.28
24,2021-07-19,3,"""Wind Onshore""",265.145
25,2021-07-19,3,"""Other""",139
26,2021-07-19,3,"""Nuclear""",4961
27,2021-07-19,3,"""Fossil Oil""",0
28,2021-07-19,3,"""Fossil Gas""",10558
29,2021-07-19,3,"""Fossil Hard coal""",413
30,2021-07-19,3,"""Hydro Run-of-river and poundage""",110
31,2021-07-19,3,"""Hydro Pumped Storage""",36
32,2021-07-19,3,"""Biomass""",2467
33,2021-07-19,4,"""Solar""",1
34,2021-07-19,4,"""Wind Offshore""",240.379
35,2021-07-19,4,"""Wind Onshore""",252.355
36,2021-07-19,4,"""Other""",138
37,2021-07-19,4,"""Nuclear""",4966
38,2021-07-19,4,"""Fossil Oil""",0
39,2021-07-19,4,"""Fossil Gas""",10635
40,2021-07-19,4,"""Fossil Hard coal""",418
41,2021-07-19,4,"""Hydro Run-of-river and poundage""",110
42,2021-07-19,4,"""Hydro Pumped Storage""",0
43,2021-07-19,4,"""Biomass""",2489
44,2021-07-19,5,"""Solar""",0
45,2021-07-19,5,"""Wind Offshore""",227.35
46,2021-07-19,5,"""Wind Onshore""",246.641
47,2021-07-19,5,"""Other""",199
48,2021-07-19,5,"""Nuclear""",4864
49,2021-07-19,5,"""Fossil Oil""",0
50,2021-07-19,5,"""Fossil Gas""",10747
51,2021-07-19,5,"""Fossil Hard coal""",424
52,2021-07-19,5,"""Hydro Run-of-river and poundage""",110
53,2021-07-19,5,"""Hydro Pumped Storage""",0
54,2021-07-19,5,"""Biomass""",2486
55,2021-07-19,6,"""Solar""",0
56,2021-07-19,6,"""Wind Offshore""",249.878
57,2021-07-19,6,"""Wind Onshore""",250.041
58,2021-07-19,6,"""Other""",200
59,2021-07-19,6,"""Nuclear""",4748
60,2021-07-19,6,"""Fossil Oil""",0
61,2021-07-19,6,"""Fossil Gas""",10656
62,2021-07-19,6,"""Fossil Hard coal""",401
63,2021-07-19,6,"""Hydro Run-of-river and poundage""",110
64,2021-07-19,6,"""Hydro Pumped Storage""",0
65,2021-07-19,6,"""Biomass""",2473
66,2021-07-19,7,"""Fossil Hard coal""",408
67,2021-07-19,7,"""Hydro Run-of-river and poundage""",110
68,2021-07-19,7,"""Hydro Pumped Storage""",0
69,2021-07-19,7,"""Biomass""",2423
70,2021-07-19,7,"""Solar""",1
71,2021-07-19,7,"""Wind Offshore""",242.255
72,2021-07-19,7,"""Wind Onshore""",223.904
73,2021-07-19,7,"""Other""",180
74,2021-07-19,7,"""Nuclear""",4748
75,2021-07-19,7,"""Fossil Oil""",0
76,2021-07-19,7,"""Fossil Gas""",10725
77,2021-07-19,8,"""Solar""",0
78,2021-07-19,8,"""Wind Offshore""",213.683
79,2021-07-19,8,"""Wind Onshore""",212.618
80,2021-07-19,8,"""Other""",180
81,2021-07-19,8,"""Nuclear""",4749
82,2021-07-19,8,"""Fossil Oil""",0
83,2021-07-19,8,"""Fossil Gas""",10549
84,2021-07-19,8,"""Fossil Hard coal""",391
85,2021-07-19,8,"""Hydro Run-of-river and poundage""",109
86,2021-07-19,8,"""Hydro Pumped Storage""",0
87,2021-07-19,8,"""Biomass""",2396
88,2021-07-19,9,"""Solar""",0
89,2021-07-19,9,"""Wind Offshore""",287.688
90,2021-07-19,9,"""Wind Onshore""",207.633
91,2021-07-19,9,"""Other""",138
92,2021-07-19,9,"""Nuclear""",4752
93,2021-07-19,9,"""Fossil Oil""",0
94,2021-07-19,9,"""Fossil Gas""",10507
95,2021-07-19,9,"""Fossil Hard coal""",358
96,2021-07-19,9,"""Hydro Run-of-river and poundage""",110
97,2021-07-19,9,"""Hydro Pumped Storage""",0
98,2021-07-19,9,"""Biomass""",2394
99,2021-07-19,10,"""Solar""",0
100,2021-07-19,10,"""Wind Offshore""",357.885
101,2021-07-19,10,"""Wind Onshore""",210.095
102,2021-07-19,10,"""Other""",136
103,2021-07-19,10,"""Nuclear""",4751
104,2021-07-19,10,"""Fossil Oil""",0
105,2021-07-19,10,"""Fossil Gas""",10613
106,2021-07-19,10,"""Fossil Hard coal""",346
107,2021-07-19,10,"""Hydro Run-of-river and poundage""",110
108,2021-07-19,10,"""Hydro Pumped Storage""",0
109,2021-07-19,10,"""Biomass""",2336
110,2021-07-19,11,"""Solar""",6
111,2021-07-19,11,"""Wind Offshore""",380.429
112,2021-07-19,11,"""Wind Onshore""",211.552
113,2021-07-19,11,"""Other""",136
114,2021-07-19,11,"""Nuclear""",4758
115,2021-07-19,11,"""Fossil Oil""",0
116,2021-07-19,11,"""Fossil Gas""",10324
117,2021-07-19,11,"""Fossil Hard coal""",339
118,2021-07-19,11,"""Hydro Run-of-river and poundage""",110
119,2021-07-19,11,"""Hydro Pumped Storage""",0
120,2021-07-19,11,"""Biomass""",2410
121,2021-07-19,12,"""Solar""",104
122,2021-07-19,12,"""Wind Offshore""",393.285
123,2021-07-19,12,"""Wind Onshore""",206.973
124,2021-07-19,12,"""Other""",137
125,2021-07-19,12,"""Nuclear""",4802
126,2021-07-19,12,"""Fossil Oil""",0
127,2021-07-19,12,"""Fossil Gas""",10518
128,2021-07-19,12,"""Fossil Hard coal""",387
129,2021-07-19,12,"""Hydro Run-of-river and poundage""",110
130,2021-07-19,12,"""Hydro Pumped Storage""",0
131,2021-07-19,12,"""Biomass""",2344
132,2021-07-19,13,"""Solar""",386
133,2021-07-19,13,"""Wind Offshore""",34.361
134,2021-07-19,13,"""Wind Onshore""",196.699
135,2021-07-19,13,"""Other""",139
136,2021-07-19,13,"""Nuclear""",4950
137,2021-07-19,13,"""Fossil Oil""",0
138,2021-07-19,13,"""Fossil Gas""",10824
139,2021-07-19,13,"""Fossil Hard coal""",386
140,2021-07-19,13,"""Hydro Run-of-river and poundage""",110
141,2021-07-19,13,"""Hydro Pumped Storage""",0
142,2021-07-19,13,"""Biomass""",2398
143,2021-07-19,14,"""Solar""",791
144,2021-07-19,14,"""Wind Offshore""",530.538
145,2021-07-19,14,"""Wind Onshore""",208.189
146,2021-07-19,14,"""Other""",163
147,2021-07-19,14,"""Nuclear""",4958
148,2021-07-19,14,"""Fossil Oil""",0
149,2021-07-19,14,"""Fossil Gas""",12451
150,2021-07-19,14,"""Fossil Hard coal""",393
151,2021-07-19,14,"""Hydro Run-of-river and poundage""",110
152,2021-07-19,14,"""Hydro Pumped Storage""",0
153,2021-07-19,14,"""Biomass""",2401
154,2021-07-19,15,"""Solar""",1310
155,2021-07-19,15,"""Wind Offshore""",570.843
156,2021-07-19,15,"""Wind Onshore""",196.449
157,2021-07-19,15,"""Other""",174
158,2021-07-19,15,"""Nuclear""",4960
159,2021-07-19,15,"""Fossil Oil""",0
160,2021-07-19,15,"""Fossil Gas""",13783
161,2021-07-19,15,"""Fossil Hard coal""",523
162,2021-07-19,15,"""Hydro Run-of-river and poundage""",109
163,2021-07-19,15,"""Hydro Pumped Storage""",0
164,2021-07-19,15,"""Biomass""",2333
165,2021-07-19,16,"""Solar""",1930
166,2021-07-19,16,"""Wind Offshore""",585.137
167,2021-07-19,16,"""Wind Onshore""",193.157
168,2021-07-19,16,"""Other""",175
169,2021-07-19,16,"""Nuclear""",4963
170,2021-07-19,16,"""Fossil Oil""",0
171,2021-07-19,16,"""Fossil Gas""",15055
172,2021-07-19,16,"""Fossil Hard coal""",880
173,2021-07-19,16,"""Hydro Run-of-river and poundage""",109
174,2021-07-19,16,"""Hydro Pumped Storage""",0
175,2021-07-19,16,"""Biomass""",2361
176,2021-07-19,17,"""Solar""",2590
177,2021-07-19,17,"""Wind Offshore""",616.075
178,2021-07-19,17,"""Wind Onshore""",178.213
179,2021-07-19,17,"""Other""",165
180,2021-07-19,17,"""Nuclear""",4959
181,2021-07-19,17,"""Fossil Oil""",0
182,2021-07-19,17,"""Fossil Gas""",15509
183,2021-07-19,17,"""Fossil Hard coal""",985
184,2021-07-19,17,"""Hydro Run-of-river and poundage""",180
185,2021-07-19,17,"""Hydro Pumped Storage""",602
186,2021-07-19,17,"""Biomass""",2335
187,2021-07-19,18,"""Solar""",3300
188,2021-07-19,18,"""Wind Offshore""",632.921
189,2021-07-19,18,"""Wind Onshore""",177.573
190,2021-07-19,18,"""Other""",274
191,2021-07-19,18,"""Nuclear""",4959
192,2021-07-19,18,"""Fossil Oil""",0
193,2021-07-19,18,"""Fossil Gas""",15882
194,2021-07-19,18,"""Fossil Hard coal""",993
195,2021-07-19,18,"""Hydro Run-of-river and poundage""",214
196,2021-07-19,18,"""Hydro Pumped Storage""",113
197,2021-07-19,18,"""Biomass""",2423
198,2021-07-19,19,"""Solar""",4030
199,2021-07-19,19,"""Wind Offshore""",611.541
200,2021-07-19,19,"""Wind Onshore""",191.747
201,2021-07-19,19,"""Other""",277
202,2021-07-19,19,"""Nuclear""",4958
203,2021-07-19,19,"""Fossil Oil""",0
204,2021-07-19,19,"""Fossil Gas""",15867
205,2021-07-19,19,"""Fossil Hard coal""",991
206,2021-07-19,19,"""Hydro Run-of-river and poundage""",202
207,2021-07-19,19,"""Hydro Pumped Storage""",149
208,2021-07-19,19,"""Biomass""",2420
209,2021-07-19,20,"""Solar""",4850
210,2021-07-19,20,"""Wind Offshore""",603.716
211,2021-07-19,20,"""Wind Onshore""",193.612
212,2021-07-19,20,"""Other""",258
213,2021-07-19,20,"""Nuclear""",4960
214,2021-07-19,20,"""Fossil Oil""",0
215,2021-07-19,20,"""Fossil Gas""",15743
216,2021-07-19,20,"""Fossil Hard coal""",986
217,2021-07-19,20,"""Hydro Run-of-river and poundage""",202
218,2021-07-19,20,"""Hydro Pumped Storage""",28
219,2021-07-19,20,"""Biomass""",2428
220,2021-07-19,21,"""Solar""",5520
221,2021-07-19,21,"""Wind Offshore""",659.168
222,2021-07-19,21,"""Wind Onshore""",216.095
223,2021-07-19,21,"""Other""",273
224,2021-07-19,21,"""Nuclear""",4962
225,2021-07-19,21,"""Fossil Oil""",0
226,2021-07-19,21,"""Fossil Gas""",15707
227,2021-07-19,21,"""Fossil Hard coal""",979
228,2021-07-19,21,"""Hydro Run-of-river and poundage""",131
229,2021-07-19,21,"""Hydro Pumped Storage""",0
230,2021-07-19,21,"""Biomass""",2423
231,2021-07-19,22,"""Solar""",6230
232,2021-07-19,22,"""Wind Offshore""",701.696
233,2021-07-19,22,"""Wind Onshore""",219.927
234,2021-07-19,22,"""Other""",299
235,2021-07-19,22,"""Nuclear""",4953
236,2021-07-19,22,"""Fossil Oil""",0
237,2021-07-19,22,"""Fossil Gas""",15423
238,2021-07-19,22,"""Fossil Hard coal""",988
239,2021-07-19,22,"""Hydro Run-of-river and poundage""",128
240,2021-07-19,22,"""Hydro Pumped Storage""",0
241,2021-07-19,22,"""Biomass""",2429
242,2021-07-19,23,"""Solar""",6890
243,2021-07-19,23,"""Wind Offshore""",626.486
244,2021-07-19,23,"""Wind Onshore""",245.258
245,2021-07-19,23,"""Other""",285
246,2021-07-19,23,"""Nuclear""",4954
247,2021-07-19,23,"""Fossil Oil""",0
248,2021-07-19,23,"""Fossil Gas""",14826
249,2021-07-19,23,"""Fossil Hard coal""",987
250,2021-07-19,23,"""Hydro Run-of-river and poundage""",112
251,2021-07-19,23,"""Hydro Pumped Storage""",0
252,2021-07-19,23,"""Biomass""",2422
253,2021-07-19,24,"""Solar""",7340
254,2021-07-19,24,"""Wind Offshore""",693.763
255,2021-07-19,24,"""Wind Onshore""",246.175
256,2021-07-19,24,"""Other""",307
257,2021-07-19,24,"""Nuclear""",4954
258,2021-07-19,24,"""Fossil Oil""",0
259,2021-07-19,24,"""Fossil Gas""",14509
260,2021-07-19,24,"""Fossil Hard coal""",981
261,2021-07-19,24,"""Hydro Run-of-river and poundage""",103
262,2021-07-19,24,"""Hydro Pumped Storage""",110
263,2021-07-19,24,"""Biomass""",2415
264,2021-07-19,25,"""Solar""",7520
265,2021-07-19,25,"""Wind Offshore""",834.65
266,2021-07-19,25,"""Wind Onshore""",288.051
267,2021-07-19,25,"""Other""",241
268,2021-07-19,25,"""Nuclear""",4958
269,2021-07-19,25,"""Fossil Oil""",0
270,2021-07-19,25,"""Fossil Gas""",14780
271,2021-07-19,25,"""Fossil Hard coal""",984
272,2021-07-19,25,"""Hydro Run-of-river and poundage""",94
273,2021-07-19,25,"""Hydro Pumped Storage""",118
274,2021-07-19,25,"""Biomass""",2421
275,2021-07-19,26,"""Solar""",7600
276,2021-07-19,26,"""Wind Offshore""",865.158
277,2021-07-19,26,"""Wind Onshore""",292.414
278,2021-07-19,26,"""Other""",232
279,2021-07-19,26,"""Nuclear""",4944
280,2021-07-19,26,"""Fossil Oil""",0
281,2021-07-19,26,"""Fossil Gas""",14755
282,2021-07-19,26,"""Fossil Hard coal""",973
283,2021-07-19,26,"""Hydro Run-of-river and poundage""",94
284,2021-07-19,26,"""Hydro Pumped Storage""",305
285,2021-07-19,26,"""Biomass""",2417
286,2021-07-19,27,"""Solar""",7590
287,2021-07-19,27,"""Wind Offshore""",832.592
288,2021-07-19,27,"""Wind Onshore""",341.619
289,2021-07-19,27,"""Other""",255
290,2021-07-19,27,"""Nuclear""",4889
291,2021-07-19,27,"""Fossil Oil""",0
292,2021-07-19,27,"""Fossil Gas""",14931
293,2021-07-19,27,"""Fossil Hard coal""",984
294,2021-07-19,27,"""Hydro Run-of-river and poundage""",94
295,2021-07-19,27,"""Hydro Pumped Storage""",133
296,2021-07-19,27,"""Biomass""",2412
297,2021-07-19,28,"""Solar""",7540
298,2021-07-19,28,"""Wind Offshore""",841.961
299,2021-07-19,28,"""Wind Onshore""",346.993
300,2021-07-19,28,"""Other""",229
301,2021-07-19,28,"""Nuclear""",4748
302,2021-07-19,28,"""Fossil Oil""",0
303,2021-07-19,28,"""Fossil Gas""",14589
304,2021-07-19,28,"""Fossil Hard coal""",980
305,2021-07-19,28,"""Hydro Run-of-river and poundage""",94
306,2021-07-19,28,"""Hydro Pumped Storage""",54
307,2021-07-19,28,"""Biomass""",2397
308,2021-07-19,29,"""Solar""",7430
309,2021-07-19,29,"""Wind Offshore""",869.884
310,2021-07-19,29,"""Wind Onshore""",397.666
311,2021-07-19,29,"""Other""",247
312,2021-07-19,29,"""Nuclear""",4733
313,2021-07-19,29,"""Fossil Oil""",0
314,2021-07-19,29,"""Fossil Gas""",14199
315,2021-07-19,29,"""Fossil Hard coal""",981
316,2021-07-19,29,"""Hydro Run-of-river and poundage""",93
317,2021-07-19,29,"""Hydro Pumped Storage""",175
318,2021-07-19,29,"""Biomass""",2391
319,2021-07-19,30,"""Biomass""",2397
320,2021-07-19,30,"""Solar""",7160
321,2021-07-19,30,"""Wind Offshore""",927.675
322,2021-07-19,30,"""Wind Onshore""",407.152
323,2021-07-19,30,"""Other""",206
324,2021-07-19,30,"""Nuclear""",4740
325,2021-07-19,30,"""Fossil Oil""",0
326,2021-07-19,30,"""Fossil Gas""",14194
327,2021-07-19,30,"""Fossil Hard coal""",965
328,2021-07-19,30,"""Hydro Run-of-river and poundage""",93
329,2021-07-19,30,"""Hydro Pumped Storage""",178
330,2021-07-19,31,"""Solar""",6810
331,2021-07-19,31,"""Wind Offshore""",887.591
332,2021-07-19,31,"""Wind Onshore""",500.28
333,2021-07-19,31,"""Other""",239
334,2021-07-19,31,"""Nuclear""",4734
335,2021-07-19,31,"""Fossil Oil""",0
336,2021-07-19,31,"""Fossil Gas""",14587
337,2021-07-19,31,"""Fossil Hard coal""",746
338,2021-07-19,31,"""Hydro Run-of-river and poundage""",93
339,2021-07-19,31,"""Hydro Pumped Storage""",216
340,2021-07-19,31,"""Biomass""",2403
341,2021-07-19,32,"""Solar""",6210
342,2021-07-19,32,"""Wind Offshore""",823.339
343,2021-07-19,32,"""Wind Onshore""",507.329
344,2021-07-19,32,"""Other""",216
345,2021-07-19,32,"""Nuclear""",4819
346,2021-07-19,32,"""Fossil Oil""",0
347,2021-07-19,32,"""Fossil Gas""",14246
348,2021-07-19,32,"""Fossil Hard coal""",723
349,2021-07-19,32,"""Hydro Run-of-river and poundage""",111
350,2021-07-19,32,"""Hydro Pumped Storage""",537
351,2021-07-19,32,"""Biomass""",2404
352,2021-07-19,33,"""Solar""",5710
353,2021-07-19,33,"""Wind Offshore""",932.054
354,2021-07-19,33,"""Wind Onshore""",574.089
355,2021-07-19,33,"""Other""",214
356,2021-07-19,33,"""Nuclear""",4950
357,2021-07-19,33,"""Fossil Oil""",0
358,2021-07-19,33,"""Fossil Gas""",14551
359,2021-07-19,33,"""Fossil Hard coal""",667
360,2021-07-19,33,"""Hydro Run-of-river and poundage""",108
361,2021-07-19,33,"""Hydro Pumped Storage""",422
362,2021-07-19,33,"""Biomass""",2388
363,2021-07-19,34,"""Solar""",5050
364,2021-07-19,34,"""Wind Offshore""",1174.81
365,2021-07-19,34,"""Wind Onshore""",603.865
366,2021-07-19,34,"""Other""",237
367,2021-07-19,34,"""Nuclear""",4940
368,2021-07-19,34,"""Fossil Oil""",0
369,2021-07-19,34,"""Fossil Gas""",14675
370,2021-07-19,34,"""Fossil Hard coal""",664
371,2021-07-19,34,"""Hydro Run-of-river and poundage""",107
372,2021-07-19,34,"""Hydro Pumped Storage""",845
373,2021-07-19,34,"""Biomass""",2357
374,2021-07-19,35,"""Solar""",4400
375,2021-07-19,35,"""Wind Offshore""",1339.495
376,2021-07-19,35,"""Wind Onshore""",682.87
377,2021-07-19,35,"""Other""",263
378,2021-07-19,35,"""Nuclear""",4932
379,2021-07-19,35,"""Fossil Oil""",0
380,2021-07-19,35,"""Fossil Gas""",14859
381,2021-07-19,35,"""Fossil Hard coal""",776
382,2021-07-19,35,"""Hydro Run-of-river and poundage""",420
383,2021-07-19,35,"""Hydro Pumped Storage""",989
384,2021-07-19,35,"""Biomass""",2363
385,2021-07-19,36,"""Solar""",3650
386,2021-07-19,36,"""Wind Offshore""",1384.834
387,2021-07-19,36,"""Wind Onshore""",700.338
388,2021-07-19,36,"""Other""",292
389,2021-07-19,36,"""Nuclear""",4940
390,2021-07-19,36,"""Fossil Oil""",0
391,2021-07-19,36,"""Fossil Gas""",15429
392,2021-07-19,36,"""Fossil Hard coal""",893
393,2021-07-19,36,"""Hydro Run-of-river and poundage""",533
394,2021-07-19,36,"""Hydro Pumped Storage""",886
395,2021-07-19,36,"""Biomass""",2404
396,2021-07-19,37,"""Solar""",2840
397,2021-07-19,37,"""Wind Offshore""",1393.828
398,2021-07-19,37,"""Wind Onshore""",715.162
399,2021-07-19,37,"""Other""",336
400,2021-07-19,37,"""Nuclear""",4934
401,2021-07-19,37,"""Fossil Oil""",0
402,2021-07-19,37,"""Fossil Gas""",15719
403,2021-07-19,37,"""Fossil Hard coal""",966
404,2021-07-19,37,"""Hydro Run-of-river and poundage""",510
405,2021-07-19,37,"""Hydro Pumped Storage""",855
406,2021-07-19,37,"""Biomass""",2353
407,2021-07-19,38,"""Solar""",2120
408,2021-07-19,38,"""Wind Offshore""",1452.884
409,2021-07-19,38,"""Wind Onshore""",713.949
410,2021-07-19,38,"""Other""",329
411,2021-07-19,38,"""Nuclear""",4941
412,2021-07-19,38,"""Fossil Oil""",0
413,2021-07-19,38,"""Fossil Gas""",16028
414,2021-07-19,38,"""Fossil Hard coal""",968
415,2021-07-19,38,"""Hydro Run-of-river and poundage""",491
416,2021-07-19,38,"""Hydro Pumped Storage""",865
417,2021-07-19,38,"""Biomass""",2402
418,2021-07-19,39,"""Solar""",1480
419,2021-07-19,39,"""Wind Offshore""",1475.932
420,2021-07-19,39,"""Wind Onshore""",672.314
421,2021-07-19,39,"""Other""",317
422,2021-07-19,39,"""Nuclear""",4968
423,2021-07-19,39,"""Fossil Oil""",0
424,2021-07-19,39,"""Fossil Gas""",16276
425,2021-07-19,39,"""Fossil Hard coal""",901
426,2021-07-19,39,"""Hydro Run-of-river and poundage""",412
427,2021-07-19,39,"""Hydro Pumped Storage""",893
428,2021-07-19,39,"""Biomass""",2413
429,2021-07-19,40,"""Solar""",896
430,2021-07-19,40,"""Wind Offshore""",1417.805
431,2021-07-19,40,"""Wind Onshore""",664.468
432,2021-07-19,40,"""Other""",332
433,2021-07-19,40,"""Nuclear""",5009
434,2021-07-19,40,"""Fossil Oil""",0
435,2021-07-19,40,"""Fossil Gas""",16250
436,2021-07-19,40,"""Fossil Hard coal""",961
437,2021-07-19,40,"""Hydro Run-of-river and poundage""",393
438,2021-07-19,40,"""Hydro Pumped Storage""",864
439,2021-07-19,40,"""Biomass""",2385
440,2021-07-19,41,"""Solar""",444
441,2021-07-19,41,"""Wind Offshore""",1369.229
442,2021-07-19,41,"""Wind Onshore""",592.269
443,2021-07-19,41,"""Other""",297
444,2021-07-19,41,"""Nuclear""",5046
445,2021-07-19,41,"""Fossil Oil""",0
446,2021-07-19,41,"""Fossil Gas""",16302
447,2021-07-19,41,"""Fossil Hard coal""",940
448,2021-07-19,41,"""Hydro Run-of-river and poundage""",259
449,2021-07-19,41,"""Hydro Pumped Storage""",865
450,2021-07-19,41,"""Biomass""",2394
451,2021-07-19,42,"""Solar""",123
452,2021-07-19,42,"""Wind Offshore""",1342.36
453,2021-07-19,42,"""Wind Onshore""",586.974
454,2021-07-19,42,"""Other""",233
455,2021-07-19,42,"""Nuclear""",5054
456,2021-07-19,42,"""Fossil Oil""",0
457,2021-07-19,42,"""Fossil Gas""",15813
458,2021-07-19,42,"""Fossil Hard coal""",947
459,2021-07-19,42,"""Hydro Run-of-river and poundage""",240
460,2021-07-19,42,"""Hydro Pumped Storage""",880
461,2021-07-19,42,"""Biomass""",2395
462,2021-07-19,43,"""Solar""",8
463,2021-07-19,43,"""Wind Offshore""",1307.105
464,2021-07-19,43,"""Wind Onshore""",519.472
465,2021-07-19,43,"""Other""",256
466,2021-07-19,43,"""Nuclear""",5055
467,2021-07-19,43,"""Fossil Oil""",0
468,2021-07-19,43,"""Fossil Gas""",15591
469,2021-07-19,43,"""Fossil Hard coal""",982
470,2021-07-19,43,"""Hydro Run-of-river and poundage""",177
471,2021-07-19,43,"""Hydro Pumped Storage""",688
472,2021-07-19,43,"""Biomass""",2409
473,2021-07-19,44,"""Solar""",3
474,2021-07-19,44,"""Wind Offshore""",1188.509
475,2021-07-19,44,"""Wind Onshore""",493.974
476,2021-07-19,44,"""Other""",397
477,2021-07-19,44,"""Nuclear""",4970
478,2021-07-19,44,"""Fossil Oil""",0
479,2021-07-19,44,"""Fossil Gas""",15691
480,2021-07-19,44,"""Fossil Hard coal""",976
481,2021-07-19,44,"""Hydro Run-of-river and poundage""",158
482,2021-07-19,44,"""Hydro Pumped Storage""",267
483,2021-07-19,44,"""Biomass""",2422
484,2021-07-19,45,"""Solar""",2
485,2021-07-19,45,"""Wind Offshore""",1130.453
486,2021-07-19,45,"""Wind Onshore""",430.728
487,2021-07-19,45,"""Other""",337
488,2021-07-19,45,"""Nuclear""",4860
489,2021-07-19,45,"""Fossil Oil""",0
490,2021-07-19,45,"""Fossil Gas""",15670
491,2021-07-19,45,"""Fossil Hard coal""",976
492,2021-07-19,45,"""Hydro Run-of-river and poundage""",97
493,2021-07-19,45,"""Hydro Pumped Storage""",311
494,2021-07-19,45,"""Biomass""",2421
495,2021-07-19,46,"""Solar""",0
496,2021-07-19,46,"""Wind Offshore""",1001.475
497,2021-07-19,46,"""Wind Onshore""",416.653
498,2021-07-19,46,"""Other""",231
499,2021-07-19,46,"""Nuclear""",4862
500,2021-07-19,46,"""Fossil Oil""",0
501,2021-07-19,46,"""Fossil Gas""",15043
502,2021-07-19,46,"""Fossil Hard coal""",979
503,2021-07-19,46,"""Hydro Run-of-river and poundage""",88
504,2021-07-19,46,"""Hydro Pumped Storage""",0
505,2021-07-19,46,"""Biomass""",2419
506,2021-07-19,47,"""Solar""",2
507,2021-07-19,47,"""Wind Offshore""",945.811
508,2021-07-19,47,"""Wind Onshore""",386.406
509,2021-07-19,47,"""Other""",188
510,2021-07-19,47,"""Nuclear""",4865
511,2021-07-19,47,"""Fossil Oil""",0
512,2021-07-19,47,"""Fossil Gas""",14047
513,2021-07-19,47,"""Fossil Hard coal""",957
514,2021-07-19,47,"""Hydro Run-of-river and poundage""",90
515,2021-07-19,47,"""Hydro Pumped Storage""",0
516,2021-07-19,47,"""Biomass""",2419
517,2021-07-19,48,"""Solar""",2
518,2021-07-19,48,"""Wind Offshore""",930.538
519,2021-07-19,48,"""Wind Onshore""",376.33
520,2021-07-19,48,"""Other""",190
521,2021-07-19,48,"""Nuclear""",4884
522,2021-07-19,48,"""Fossil Oil""",0
523,2021-07-19,48,"""Fossil Gas""",12671
524,2021-07-19,48,"""Fossil Hard coal""",856
525,2021-07-19,48,"""Hydro Run-of-river and poundage""",123
526,2021-07-19,48,"""Hydro Pumped Storage""",0
527,2021-07-19,48,"""Biomass""",2458
528,2021-07-20,1,"""Solar""",1
529,2021-07-20,1,"""Wind Offshore""",921.068
530,2021-07-20,1,"""Wind Onshore""",345.85
531,2021-07-20,1,"""Other""",190
532,2021-07-20,1,"""Nuclear""",5024
533,2021-07-20,1,"""Fossil Oil""",0
534,2021-07-20,1,"""Fossil Gas""",12078
535,2021-07-20,1,"""Fossil Hard coal""",874
536,2021-07-20,1,"""Hydro Run-of-river and poundage""",107
537,2021-07-20,1,"""Hydro Pumped Storage""",0
538,2021-07-20,1,"""Biomass""",2489
539,2021-07-20,2,"""Solar""",0
540,2021-07-20,2,"""Wind Offshore""",888.162
541,2021-07-20,2,"""Wind Onshore""",341.385
542,2021-07-20,2,"""Other""",141
543,2021-07-20,2,"""Nuclear""",5064
544,2021-07-20,2,"""Fossil Oil""",0
545,2021-07-20,2,"""Fossil Gas""",12065
546,2021-07-20,2,"""Fossil Hard coal""",876
547,2021-07-20,2,"""Hydro Run-of-river and poundage""",90
548,2021-07-20,2,"""Hydro Pumped Storage""",0
549,2021-07-20,2,"""Biomass""",2460
550,2021-07-20,3,"""Solar""",2
551,2021-07-20,3,"""Wind Offshore""",942.042
552,2021-07-20,3,"""Wind Onshore""",313.395
553,2021-07-20,3,"""Other""",144
554,2021-07-20,3,"""Nuclear""",5081
555,2021-07-20,3,"""Fossil Oil""",0
556,2021-07-20,3,"""Fossil Gas""",11630
557,2021-07-20,3,"""Fossil Hard coal""",704
558,2021-07-20,3,"""Hydro Run-of-river and poundage""",90
559,2021-07-20,3,"""Hydro Pumped Storage""",0
560,2021-07-20,3,"""Biomass""",2341
561,2021-07-20,4,"""Solar""",0
562,2021-07-20,4,"""Wind Offshore""",882.939
563,2021-07-20,4,"""Wind Onshore""",307.547
564,2021-07-20,4,"""Other""",139
565,2021-07-20,4,"""Nuclear""",5063
566,2021-07-20,4,"""Fossil Oil""",0
567,2021-07-20,4,"""Fossil Gas""",11553
568,2021-07-20,4,"""Fossil Hard coal""",707
569,2021-07-20,4,"""Hydro Run-of-river and poundage""",90
570,2021-07-20,4,"""Hydro Pumped Storage""",0
571,2021-07-20,4,"""Biomass""",2386
572,2021-07-20,5,"""Wind Onshore""",286.599
573,2021-07-20,5,"""Other""",139
574,2021-07-20,5,"""Nuclear""",5039
575,2021-07-20,5,"""Fossil Oil""",0
576,2021-07-20,5,"""Fossil Gas""",11158
577,2021-07-20,5,"""Fossil Hard coal""",688
578,2021-07-20,5,"""Hydro Run-of-river and poundage""",90
579,2021-07-20,5,"""Hydro Pumped Storage""",0
580,2021-07-20,5,"""Biomass""",2366
581,2021-07-20,5,"""Solar""",0
582,2021-07-20,5,"""Wind Offshore""",909.49
583,2021-07-20,6,"""Solar""",1
584,2021-07-20,6,"""Wind Offshore""",906.063
585,2021-07-20,6,"""Wind Onshore""",285.685
586,2021-07-20,6,"""Other""",139
587,2021-07-20,6,"""Nuclear""",5061
588,2021-07-20,6,"""Fossil Oil""",0
589,2021-07-20,6,"""Fossil Gas""",11037
590,2021-07-20,6,"""Fossil Hard coal""",640
591,2021-07-20,6,"""Hydro Run-of-river and poundage""",90
592,2021-07-20,6,"""Hydro Pumped Storage""",0
593,2021-07-20,6,"""Biomass""",2390
594,2021-07-20,7,"""Solar""",0
595,2021-07-20,7,"""Wind Offshore""",842.349
596,2021-07-20,7,"""Wind Onshore""",259.099
597,2021-07-20,7,"""Other""",139
598,2021-07-20,7,"""Nuclear""",5057
599,2021-07-20,7,"""Fossil Oil""",0
600,2021-07-20,7,"""Fossil Gas""",10875
601,2021-07-20,7,"""Fossil Hard coal""",634
602,2021-07-20,7,"""Hydro Run-of-river and poundage""",90
603,2021-07-20,7,"""Hydro Pumped Storage""",0
604,2021-07-20,7,"""Biomass""",2390
605,2021-07-20,8,"""Solar""",1
606,2021-07-20,8,"""Wind Offshore""",925.384
607,2021-07-20,8,"""Wind Onshore""",258.319
608,2021-07-20,8,"""Other""",139
609,2021-07-20,8,"""Nuclear""",5063
610,2021-07-20,8,"""Fossil Oil""",0
611,2021-07-20,8,"""Fossil Gas""",10893
612,2021-07-20,8,"""Fossil Hard coal""",596
613,2021-07-20,8,"""Hydro Run-of-river and poundage""",90
614,2021-07-20,8,"""Hydro Pumped Storage""",0
615,2021-07-20,8,"""Biomass""",2332
616,2021-07-20,9,"""Solar""",1
617,2021-07-20,9,"""Wind Offshore""",913.751
618,2021-07-20,9,"""Wind Onshore""",242.802
619,2021-07-20,9,"""Other""",139
620,2021-07-20,9,"""Nuclear""",5054
621,2021-07-20,9,"""Fossil Oil""",0
622,2021-07-20,9,"""Fossil Gas""",10902
623,2021-07-20,9,"""Fossil Hard coal""",507
624,2021-07-20,9,"""Hydro Run-of-river and poundage""",90
625,2021-07-20,9,"""Hydro Pumped Storage""",0
626,2021-07-20,9,"""Biomass""",2292
627,2021-07-20,10,"""Solar""",1
628,2021-07-20,10,"""Wind Offshore""",956.346
629,2021-07-20,10,"""Wind Onshore""",233.128
630,2021-07-20,10,"""Other""",142
631,2021-07-20,10,"""Nuclear""",5054
632,2021-07-20,10,"""Fossil Oil""",0
633,2021-07-20,10,"""Fossil Gas""",10688
634,2021-07-20,10,"""Fossil Hard coal""",505
635,2021-07-20,10,"""Hydro Run-of-river and poundage""",90
636,2021-07-20,10,"""Hydro Pumped Storage""",0
637,2021-07-20,10,"""Biomass""",2492
638,2021-07-20,11,"""Solar""",4
639,2021-07-20,11,"""Wind Offshore""",952.376
640,2021-07-20,11,"""Wind Onshore""",226.555
641,2021-07-20,11,"""Other""",141
642,2021-07-20,11,"""Nuclear""",5049
643,2021-07-20,11,"""Fossil Oil""",0
644,2021-07-20,11,"""Fossil Gas""",10629
645,2021-07-20,11,"""Fossil Hard coal""",534
646,2021-07-20,11,"""Hydro Run-of-river and poundage""",90
647,2021-07-20,11,"""Hydro Pumped Storage""",0
648,2021-07-20,11,"""Biomass""",2380
649,2021-07-20,12,"""Solar""",102
650,2021-07-20,12,"""Wind Offshore""",955.229
651,2021-07-20,12,"""Wind Onshore""",228.843
652,2021-07-20,12,"""Other""",140
653,2021-07-20,12,"""Nuclear""",5054
654,2021-07-20,12,"""Fossil Oil""",0
655,2021-07-20,12,"""Fossil Gas""",10922
656,2021-07-20,12,"""Fossil Hard coal""",797
657,2021-07-20,12,"""Hydro Run-of-river and poundage""",90
658,2021-07-20,12,"""Hydro Pumped Storage""",0
659,2021-07-20,12,"""Biomass""",2240
660,2021-07-20,13,"""Solar""",377
661,2021-07-20,13,"""Wind Offshore""",31.66
662,2021-07-20,13,"""Wind Onshore""",206.215
663,2021-07-20,13,"""Other""",174
664,2021-07-20,13,"""Nuclear""",5063
665,2021-07-20,13,"""Fossil Oil""",0
666,2021-07-20,13,"""Fossil Gas""",11763
667,2021-07-20,13,"""Fossil Hard coal""",742
668,2021-07-20,13,"""Hydro Run-of-river and poundage""",90
669,2021-07-20,13,"""Hydro Pumped Storage""",0
670,2021-07-20,13,"""Biomass""",2355
671,2021-07-20,14,"""Solar""",780
672,2021-07-20,14,"""Wind Offshore""",858.272
673,2021-07-20,14,"""Wind Onshore""",219.157
674,2021-07-20,14,"""Other""",399
675,2021-07-20,14,"""Nuclear""",5059
676,2021-07-20,14,"""Fossil Oil""",0
677,2021-07-20,14,"""Fossil Gas""",12701
678,2021-07-20,14,"""Fossil Hard coal""",979
679,2021-07-20,14,"""Hydro Run-of-river and poundage""",90
680,2021-07-20,14,"""Hydro Pumped Storage""",131
681,2021-07-20,14,"""Biomass""",2321
682,2021-07-20,15,"""Solar""",1290
683,2021-07-20,15,"""Wind Offshore""",899.102
684,2021-07-20,15,"""Wind Onshore""",215.59
685,2021-07-20,15,"""Other""",371
686,2021-07-20,15,"""Nuclear""",5061
687,2021-07-20,15,"""Fossil Oil""",0
688,2021-07-20,15,"""Fossil Gas""",14162
689,2021-07-20,15,"""Fossil Hard coal""",935
690,2021-07-20,15,"""Hydro Run-of-river and poundage""",90
691,2021-07-20,15,"""Hydro Pumped Storage""",130
692,2021-07-20,15,"""Biomass""",2312
693,2021-07-20,16,"""Solar""",1890
694,2021-07-20,16,"""Wind Offshore""",866.747
695,2021-07-20,16,"""Wind Onshore""",210.877
696,2021-07-20,16,"""Other""",377
697,2021-07-20,16,"""Nuclear""",5061
698,2021-07-20,16,"""Fossil Oil""",0
699,2021-07-20,16,"""Fossil Gas""",15200
700,2021-07-20,16,"""Fossil Hard coal""",983
701,2021-07-20,16,"""Hydro Run-of-river and poundage""",91
702,2021-07-20,16,"""Hydro Pumped Storage""",0
703,2021-07-20,16,"""Biomass""",2491
704,2021-07-20,17,"""Solar""",2560
705,2021-07-20,17,"""Wind Offshore""",868.616
706,2021-07-20,17,"""Wind Onshore""",202.489
707,2021-07-20,17,"""Other""",375
708,2021-07-20,17,"""Nuclear""",5050
709,2021-07-20,17,"""Fossil Oil""",0
710,2021-07-20,17,"""Fossil Gas""",15456
711,2021-07-20,17,"""Fossil Hard coal""",943
712,2021-07-20,17,"""Hydro Run-of-river and poundage""",170
713,2021-07-20,17,"""Hydro Pumped Storage""",1
714,2021-07-20,17,"""Biomass""",2487
715,2021-07-20,18,"""Solar""",3310
716,2021-07-20,18,"""Wind Offshore""",829.916
717,2021-07-20,18,"""Wind Onshore""",206.586
718,2021-07-20,18,"""Other""",359
719,2021-07-20,18,"""Nuclear""",5057
720,2021-07-20,18,"""Fossil Oil""",0
721,2021-07-20,18,"""Fossil Gas""",15674
722,2021-07-20,18,"""Fossil Hard coal""",982
723,2021-07-20,18,"""Hydro Run-of-river and poundage""",214
724,2021-07-20,18,"""Hydro Pumped Storage""",0
725,2021-07-20,18,"""Biomass""",2479
726,2021-07-20,19,"""Solar""",4090
727,2021-07-20,19,"""Wind Offshore""",875.754
728,2021-07-20,19,"""Wind Onshore""",216.791
729,2021-07-20,19,"""Other""",321
730,2021-07-20,19,"""Nuclear""",5059
731,2021-07-20,19,"""Fossil Oil""",0
732,2021-07-20,19,"""Fossil Gas""",15675
733,2021-07-20,19,"""Fossil Hard coal""",980
734,2021-07-20,19,"""Hydro Run-of-river and poundage""",227
735,2021-07-20,19,"""Hydro Pumped Storage""",215
736,2021-07-20,19,"""Biomass""",2481
737,2021-07-20,20,"""Solar""",4810
738,2021-07-20,20,"""Wind Offshore""",822.529
739,2021-07-20,20,"""Wind Onshore""",214.199
740,2021-07-20,20,"""Other""",183
741,2021-07-20,20,"""Nuclear""",5081
742,2021-07-20,20,"""Fossil Oil""",0
743,2021-07-20,20,"""Fossil Gas""",15602
744,2021-07-20,20,"""Fossil Hard coal""",979
745,2021-07-20,20,"""Hydro Run-of-river and poundage""",228
746,2021-07-20,20,"""Hydro Pumped Storage""",58
747,2021-07-20,20,"""Biomass""",2490
748,2021-07-20,21,"""Solar""",5550
749,2021-07-20,21,"""Wind Offshore""",773.01
750,2021-07-20,21,"""Wind Onshore""",236.76
751,2021-07-20,21,"""Other""",162
752,2021-07-20,21,"""Nuclear""",5074
753,2021-07-20,21,"""Fossil Oil""",0
754,2021-07-20,21,"""Fossil Gas""",15338
755,2021-07-20,21,"""Fossil Hard coal""",981
756,2021-07-20,21,"""Hydro Run-of-river and poundage""",141
757,2021-07-20,21,"""Hydro Pumped Storage""",0
758,2021-07-20,21,"""Biomass""",2497
759,2021-07-20,22,"""Fossil Oil""",0
760,2021-07-20,22,"""Fossil Gas""",15229
761,2021-07-20,22,"""Fossil Hard coal""",981
762,2021-07-20,22,"""Hydro Run-of-river and poundage""",128
763,2021-07-20,22,"""Hydro Pumped Storage""",150
764,2021-07-20,22,"""Biomass""",2489
765,2021-07-20,22,"""Solar""",6370
766,2021-07-20,22,"""Wind Offshore""",727.996
767,2021-07-20,22,"""Wind Onshore""",15.153
768,2021-07-20,22,"""Other""",140
769,2021-07-20,22,"""Nuclear""",5078
770,2021-07-20,23,"""Solar""",7000
771,2021-07-20,23,"""Wind Offshore""",761.49
772,2021-07-20,23,"""Wind Onshore""",258.835
773,2021-07-20,23,"""Other""",144
774,2021-07-20,23,"""Nuclear""",5076
775,2021-07-20,23,"""Fossil Oil""",0
776,2021-07-20,23,"""Fossil Gas""",15261
777,2021-07-20,23,"""Fossil Hard coal""",768
778,2021-07-20,23,"""Hydro Run-of-river and poundage""",122
779,2021-07-20,23,"""Hydro Pumped Storage""",0
780,2021-07-20,23,"""Biomass""",2485
781,2021-07-20,24,"""Solar""",7400
782,2021-07-20,24,"""Wind Offshore""",46.075
783,2021-07-20,24,"""Wind Onshore""",252.834
784,2021-07-20,24,"""Other""",141
785,2021-07-20,24,"""Nuclear""",5105
786,2021-07-20,24,"""Fossil Oil""",0
787,2021-07-20,24,"""Fossil Gas""",15292
788,2021-07-20,24,"""Fossil Hard coal""",461
789,2021-07-20,24,"""Hydro Run-of-river and poundage""",109
790,2021-07-20,24,"""Hydro Pumped Storage""",67
791,2021-07-20,24,"""Biomass""",2478
792,2021-07-20,25,"""Solar""",7710
793,2021-07-20,25,"""Wind Offshore""",54.156
794,2021-07-20,25,"""Wind Onshore""",299.794
795,2021-07-20,25,"""Other""",141
796,2021-07-20,25,"""Nuclear""",5100
797,2021-07-20,25,"""Fossil Oil""",0
798,2021-07-20,25,"""Fossil Gas""",15380
799,2021-07-20,25,"""Fossil Hard coal""",475
800,2021-07-20,25,"""Hydro Run-of-river and poundage""",109
801,2021-07-20,25,"""Hydro Pumped Storage""",135
802,2021-07-20,25,"""Biomass""",2478
803,2021-07-20,26,"""Solar""",7720
804,2021-07-20,26,"""Wind Offshore""",723.763
805,2021-07-20,26,"""Wind Onshore""",337.274
806,2021-07-20,26,"""Other""",140
807,2021-07-20,26,"""Nuclear""",5112
808,2021-07-20,26,"""Fossil Oil""",0
809,2021-07-20,26,"""Fossil Gas""",15402
810,2021-07-20,26,"""Fossil Hard coal""",782
811,2021-07-20,26,"""Hydro Run-of-river and poundage""",109
812,2021-07-20,26,"""Hydro Pumped Storage""",0
813,2021-07-20,26,"""Biomass""",2479
814,2021-07-20,27,"""Solar""",7780
815,2021-07-20,27,"""Wind Offshore""",753.135
816,2021-07-20,27,"""Wind Onshore""",398.591
817,2021-07-20,27,"""Other""",141
818,2021-07-20,27,"""Nuclear""",5112
819,2021-07-20,27,"""Fossil Oil""",0
820,2021-07-20,27,"""Fossil Gas""",15309
821,2021-07-20,27,"""Fossil Hard coal""",702
822,2021-07-20,27,"""Hydro Run-of-river and poundage""",109
823,2021-07-20,27,"""Hydro Pumped Storage""",64
824,2021-07-20,27,"""Biomass""",2417
825,2021-07-20,28,"""Solar""",7630
826,2021-07-20,28,"""Wind Offshore""",759.782
827,2021-07-20,28,"""Wind Onshore""",404.903
828,2021-07-20,28,"""Other""",145
829,2021-07-20,28,"""Nuclear""",5115
830,2021-07-20,28,"""Fossil Oil""",0
831,2021-07-20,28,"""Fossil Gas""",15083
832,2021-07-20,28,"""Fossil Hard coal""",735
833,2021-07-20,28,"""Hydro Run-of-river and poundage""",109
834,2021-07-20,28,"""Hydro Pumped Storage""",0
835,2021-07-20,28,"""Biomass""",2371
836,2021-07-20,29,"""Solar""",7480
837,2021-07-20,29,"""Wind Offshore""",808.778
838,2021-07-20,29,"""Wind Onshore""",500.928
839,2021-07-20,29,"""Other""",140
840,2021-07-20,29,"""Nuclear""",5189
841,2021-07-20,29,"""Fossil Oil""",0
842,2021-07-20,29,"""Fossil Gas""",15023
843,2021-07-20,29,"""Fossil Hard coal""",770
844,2021-07-20,29,"""Hydro Run-of-river and poundage""",109
845,2021-07-20,29,"""Hydro Pumped Storage""",23
846,2021-07-20,29,"""Biomass""",2399
847,2021-07-20,30,"""Solar""",7290
848,2021-07-20,30,"""Wind Offshore""",867.267
849,2021-07-20,30,"""Wind Onshore""",523.984
850,2021-07-20,30,"""Other""",201
851,2021-07-20,30,"""Nuclear""",5232
852,2021-07-20,30,"""Fossil Oil""",0
853,2021-07-20,30,"""Fossil Gas""",14823
854,2021-07-20,30,"""Fossil Hard coal""",830
855,2021-07-20,30,"""Hydro Run-of-river and poundage""",109
856,2021-07-20,30,"""Hydro Pumped Storage""",0
857,2021-07-20,30,"""Biomass""",2370
858,2021-07-20,31,"""Solar""",6890
859,2021-07-20,31,"""Wind Offshore""",1088.076
860,2021-07-20,31,"""Wind Onshore""",615.236
861,2021-07-20,31,"""Other""",159
862,2021-07-20,31,"""Nuclear""",5247
863,2021-07-20,31,"""Fossil Oil""",0
864,2021-07-20,31,"""Fossil Gas""",14742
865,2021-07-20,31,"""Fossil Hard coal""",832
866,2021-07-20,31,"""Hydro Run-of-river and poundage""",109
867,2021-07-20,31,"""Hydro Pumped Storage""",274
868,2021-07-20,31,"""Biomass""",2361
869,2021-07-20,32,"""Solar""",6280
870,2021-07-20,32,"""Wind Offshore""",1077.146
871,2021-07-20,32,"""Wind Onshore""",634.307
872,2021-07-20,32,"""Other""",196
873,2021-07-20,32,"""Nuclear""",5228
874,2021-07-20,32,"""Fossil Oil""",0
875,2021-07-20,32,"""Fossil Gas""",14584
876,2021-07-20,32,"""Fossil Hard coal""",835
877,2021-07-20,32,"""Hydro Run-of-river and poundage""",109
878,2021-07-20,32,"""Hydro Pumped Storage""",746
879,2021-07-20,32,"""Biomass""",2368
880,2021-07-20,33,"""Solar""",5530
881,2021-07-20,33,"""Wind Offshore""",964.919
882,2021-07-20,33,"""Wind Onshore""",664.057
883,2021-07-20,33,"""Other""",362
884,2021-07-20,33,"""Nuclear""",5237
885,2021-07-20,33,"""Fossil Oil""",0
886,2021-07-20,33,"""Fossil Gas""",15054
887,2021-07-20,33,"""Fossil Hard coal""",864
888,2021-07-20,33,"""Hydro Run-of-river and poundage""",151
889,2021-07-20,33,"""Hydro Pumped Storage""",603
890,2021-07-20,33,"""Biomass""",2179
891,2021-07-20,34,"""Solar""",4840
892,2021-07-20,34,"""Wind Offshore""",911.575
893,2021-07-20,34,"""Wind Onshore""",680.307
894,2021-07-20,34,"""Other""",386
895,2021-07-20,34,"""Nuclear""",5145
896,2021-07-20,34,"""Fossil Oil""",0
897,2021-07-20,34,"""Fossil Gas""",15538
898,2021-07-20,34,"""Fossil Hard coal""",859
899,2021-07-20,34,"""Hydro Run-of-river and poundage""",144
900,2021-07-20,34,"""Hydro Pumped Storage""",602
901,2021-07-20,34,"""Biomass""",2306
902,2021-07-20,35,"""Solar""",4180
903,2021-07-20,35,"""Wind Offshore""",884.219
904,2021-07-20,35,"""Wind Onshore""",724.137
905,2021-07-20,35,"""Other""",345
906,2021-07-20,35,"""Nuclear""",5143
907,2021-07-20,35,"""Fossil Oil""",0
908,2021-07-20,35,"""Fossil Gas""",15581
909,2021-07-20,35,"""Fossil Hard coal""",949
910,2021-07-20,35,"""Hydro Run-of-river and poundage""",345
911,2021-07-20,35,"""Hydro Pumped Storage""",1086
912,2021-07-20,35,"""Biomass""",2398
913,2021-07-20,36,"""Solar""",3450
914,2021-07-20,36,"""Wind Offshore""",893.702
915,2021-07-20,36,"""Wind Onshore""",737.475
916,2021-07-20,36,"""Other""",395
917,2021-07-20,36,"""Nuclear""",5138
918,2021-07-20,36,"""Fossil Oil""",0
919,2021-07-20,36,"""Fossil Gas""",15881
920,2021-07-20,36,"""Fossil Hard coal""",976
921,2021-07-20,36,"""Hydro Run-of-river and poundage""",412
922,2021-07-20,36,"""Hydro Pumped Storage""",1418
923,2021-07-20,36,"""Biomass""",2397
924,2021-07-20,37,"""Solar""",2720
925,2021-07-20,37,"""Wind Offshore""",888.287
926,2021-07-20,37,"""Wind Onshore""",664.678
927,2021-07-20,37,"""Other""",525
928,2021-07-20,37,"""Nuclear""",5132
929,2021-07-20,37,"""Fossil Oil""",0
930,2021-07-20,37,"""Fossil Gas""",16110
931,2021-07-20,37,"""Fossil Hard coal""",974
932,2021-07-20,37,"""Hydro Run-of-river and poundage""",435
933,2021-07-20,37,"""Hydro Pumped Storage""",1590
934,2021-07-20,37,"""Biomass""",2314
935,2021-07-20,38,"""Solar""",2050
936,2021-07-20,38,"""Wind Offshore""",843.804
937,2021-07-20,38,"""Wind Onshore""",675.324
938,2021-07-20,38,"""Other""",526
939,2021-07-20,38,"""Nuclear""",5136
940,2021-07-20,38,"""Fossil Oil""",0
941,2021-07-20,38,"""Fossil Gas""",16290
942,2021-07-20,38,"""Fossil Hard coal""",971
943,2021-07-20,38,"""Hydro Run-of-river and poundage""",443
944,2021-07-20,38,"""Hydro Pumped Storage""",1499
945,2021-07-20,38,"""Biomass""",2307
946,2021-07-20,39,"""Solar""",1460
947,2021-07-20,39,"""Wind Offshore""",625.198
948,2021-07-20,39,"""Wind Onshore""",601.416
949,2021-07-20,39,"""Other""",517
950,2021-07-20,39,"""Nuclear""",5135
951,2021-07-20,39,"""Fossil Oil""",0
952,2021-07-20,39,"""Fossil Gas""",16546
953,2021-07-20,39,"""Fossil Hard coal""",965
954,2021-07-20,39,"""Hydro Run-of-river and poundage""",527
955,2021-07-20,39,"""Hydro Pumped Storage""",1328
956,2021-07-20,39,"""Biomass""",2342
957,2021-07-20,40,"""Solar""",878
958,2021-07-20,40,"""Wind Offshore""",514.384
959,2021-07-20,40,"""Wind Onshore""",596.705
960,2021-07-20,40,"""Other""",498
961,2021-07-20,40,"""Nuclear""",5135
962,2021-07-20,40,"""Fossil Oil""",0
963,2021-07-20,40,"""Fossil Gas""",16770
964,2021-07-20,40,"""Fossil Hard coal""",971
965,2021-07-20,40,"""Hydro Run-of-river and poundage""",390
966,2021-07-20,40,"""Hydro Pumped Storage""",1260
967,2021-07-20,40,"""Biomass""",2397
968,2021-07-20,41,"""Solar""",408
969,2021-07-20,41,"""Wind Offshore""",495.467
970,2021-07-20,41,"""Wind Onshore""",502.85
971,2021-07-20,41,"""Other""",498
972,2021-07-20,41,"""Nuclear""",5131
973,2021-07-20,41,"""Fossil Oil""",0
974,2021-07-20,41,"""Fossil Gas""",17073
975,2021-07-20,41,"""Fossil Hard coal""",973
976,2021-07-20,41,"""Hydro Run-of-river and poundage""",277
977,2021-07-20,41,"""Hydro Pumped Storage""",812
978,2021-07-20,41,"""Biomass""",2395
979,2021-07-20,42,"""Solar""",108
980,2021-07-20,42,"""Wind Offshore""",500.943
981,2021-07-20,42,"""Wind Onshore""",479.617
982,2021-07-20,42,"""Other""",498
983,2021-07-20,42,"""Nuclear""",5125
984,2021-07-20,42,"""Fossil Oil""",0
985,2021-07-20,42,"""Fossil Gas""",16853
986,2021-07-20,42,"""Fossil Hard coal""",976
987,2021-07-20,42,"""Hydro Run-of-river and poundage""",261
988,2021-07-20,42,"""Hydro Pumped Storage""",665
989,2021-07-20,42,"""Biomass""",2400
990,2021-07-20,43,"""Solar""",9
991,2021-07-20,43,"""Wind Offshore""",424.09
992,2021-07-20,43,"""Wind Onshore""",418.173
993,2021-07-20,43,"""Other""",402
994,2021-07-20,43,"""Nuclear""",5129
995,2021-07-20,43,"""Fossil Oil""",0
996,2021-07-20,43,"""Fossil Gas""",16774
997,2021-07-20,43,"""Fossil Hard coal""",980
998,2021-07-20,43,"""Hydro Run-of-river and poundage""",424
999,2021-07-20,43,"""Hydro Pumped Storage""",297
1000,2021-07-20,43,"""Biomass""",2393
1001,2021-07-20,44,"""Solar""",3
1002,2021-07-20,44,"""Wind Offshore""",479.907
1003,2021-07-20,44,"""Wind Onshore""",429.233
1004,2021-07-20,44,"""Other""",442
1005,2021-07-20,44,"""Nuclear""",5128
1006,2021-07-20,44,"""Fossil Oil""",0
1007,2021-07-20,44,"""Fossil Gas""",16693
1008,2021-07-20,44,"""Fossil Hard coal""",977
1009,2021-07-20,44,"""Hydro Run-of-river and poundage""",263
1010,2021-07-20,44,"""Hydro Pumped Storage""",220
1011,2021-07-20,44,"""Biomass""",2400
1012,2021-07-20,45,"""Solar""",2
1013,2021-07-20,45,"""Wind Offshore""",479.254
1014,2021-07-20,45,"""Wind Onshore""",397.372
1015,2021-07-20,45,"""Other""",342
1016,2021-07-20,45,"""Nuclear""",4902
1017,2021-07-20,45,"""Fossil Oil""",0
1018,2021-07-20,45,"""Fossil Gas""",16855
1019,2021-07-20,45,"""Fossil Hard coal""",976
1020,2021-07-20,45,"""Hydro Run-of-river and poundage""",113
1021,2021-07-20,45,"""Hydro Pumped Storage""",223
1022,2021-07-20,45,"""Biomass""",2420
1023,2021-07-20,46,"""Solar""",0
1024,2021-07-20,46,"""Wind Offshore""",538.151
1025,2021-07-20,46,"""Wind Onshore""",397.866
1026,2021-07-20,46,"""Other""",257
1027,2021-07-20,46,"""Nuclear""",4874
1028,2021-07-20,46,"""Fossil Oil""",0
1029,2021-07-20,46,"""Fossil Gas""",16218
1030,2021-07-20,46,"""Fossil Hard coal""",965
1031,2021-07-20,46,"""Hydro Run-of-river and poundage""",84
1032,2021-07-20,46,"""Hydro Pumped Storage""",11
1033,2021-07-20,46,"""Biomass""",2427
1034,2021-07-20,47,"""Solar""",1
1035,2021-07-20,47,"""Wind Offshore""",561.11
1036,2021-07-20,47,"""Wind Onshore""",386.796
1037,2021-07-20,47,"""Other""",141
1038,2021-07-20,47,"""Nuclear""",4880
1039,2021-07-20,47,"""Fossil Oil""",0
1040,2021-07-20,47,"""Fossil Gas""",15198
1041,2021-07-20,47,"""Fossil Hard coal""",768
1042,2021-07-20,47,"""Hydro Run-of-river and poundage""",84
1043,2021-07-20,47,"""Hydro Pumped Storage""",0
1044,2021-07-20,47,"""Biomass""",2382
1045,2021-07-20,48,"""Solar""",1
1046,2021-07-20,48,"""Wind Offshore""",553.055
1047,2021-07-20,48,"""Wind Onshore""",376.778
1048,2021-07-20,48,"""Other""",140
1049,2021-07-20,48,"""Nuclear""",4885
1050,2021-07-20,48,"""Fossil Oil""",0
1051,2021-07-20,48,"""Fossil Gas""",14015
1052,2021-07-20,48,"""Fossil Hard coal""",635
1053,2021-07-20,48,"""Hydro Run-of-river and poundage""",212
1054,2021-07-20,48,"""Hydro Pumped Storage""",0
1055,2021-07-20,48,"""Biomass""",2427
1056,2021-07-21,1,"""Solar""",0
1057,2021-07-21,1,"""Wind Offshore""",488.528
1058,2021-07-21,1,"""Wind Onshore""",343.373
1059,2021-07-21,1,"""Other""",140
1060,2021-07-21,1,"""Nuclear""",4892
1061,2021-07-21,1,"""Fossil Oil""",0
1062,2021-07-21,1,"""Fossil Gas""",13304
1063,2021-07-21,1,"""Fossil Hard coal""",495
1064,2021-07-21,1,"""Hydro Run-of-river and poundage""",212
1065,2021-07-21,1,"""Hydro Pumped Storage""",0
1066,2021-07-21,1,"""Biomass""",2426
1067,2021-07-21,2,"""Solar""",0
1068,2021-07-21,2,"""Wind Offshore""",498.467
1069,2021-07-21,2,"""Wind Onshore""",332.811
1070,2021-07-21,2,"""Other""",140
1071,2021-07-21,2,"""Nuclear""",4774
1072,2021-07-21,2,"""Fossil Oil""",0
1073,2021-07-21,2,"""Fossil Gas""",13129
1074,2021-07-21,2,"""Fossil Hard coal""",290
1075,2021-07-21,2,"""Hydro Run-of-river and poundage""",212
1076,2021-07-21,2,"""Hydro Pumped Storage""",0
1077,2021-07-21,2,"""Biomass""",2440
1078,2021-07-21,3,"""Hydro Run-of-river and poundage""",51
1079,2021-07-21,3,"""Hydro Pumped Storage""",0
1080,2021-07-21,3,"""Biomass""",2436
1081,2021-07-21,3,"""Solar""",1
1082,2021-07-21,3,"""Wind Offshore""",514.725
1083,2021-07-21,3,"""Wind Onshore""",316.845
1084,2021-07-21,3,"""Other""",140
1085,2021-07-21,3,"""Nuclear""",4718
1086,2021-07-21,3,"""Fossil Oil""",0
1087,2021-07-21,3,"""Fossil Gas""",13033
1088,2021-07-21,3,"""Fossil Hard coal""",33
1089,2021-07-21,4,"""Solar""",1
1090,2021-07-21,4,"""Wind Offshore""",538.292
1091,2021-07-21,4,"""Wind Onshore""",315.932
1092,2021-07-21,4,"""Other""",140
1093,2021-07-21,4,"""Nuclear""",4708
1094,2021-07-21,4,"""Fossil Oil""",0
1095,2021-07-21,4,"""Fossil Gas""",12939
1096,2021-07-21,4,"""Fossil Hard coal""",0
1097,2021-07-21,4,"""Hydro Run-of-river and poundage""",51
1098,2021-07-21,4,"""Hydro Pumped Storage""",0
1099,2021-07-21,4,"""Biomass""",2425
1100,2021-07-21,5,"""Solar""",1
1101,2021-07-21,5,"""Wind Offshore""",550.594
1102,2021-07-21,5,"""Wind Onshore""",319.699
1103,2021-07-21,5,"""Other""",141
1104,2021-07-21,5,"""Nuclear""",4706
1105,2021-07-21,5,"""Fossil Oil""",0
1106,2021-07-21,5,"""Fossil Gas""",12789
1107,2021-07-21,5,"""Fossil Hard coal""",0
1108,2021-07-21,5,"""Hydro Run-of-river and poundage""",51
1109,2021-07-21,5,"""Hydro Pumped Storage""",0
1110,2021-07-21,5,"""Biomass""",2412
1111,2021-07-21,6,"""Solar""",0
1112,2021-07-21,6,"""Wind Offshore""",505.022
1113,2021-07-21,6,"""Wind Onshore""",327.629
1114,2021-07-21,6,"""Other""",140
1115,2021-07-21,6,"""Nuclear""",4709
1116,2021-07-21,6,"""Fossil Oil""",0
1117,2021-07-21,6,"""Fossil Gas""",12597
1118,2021-07-21,6,"""Fossil Hard coal""",0
1119,2021-07-21,6,"""Hydro Run-of-river and poundage""",51
1120,2021-07-21,6,"""Hydro Pumped Storage""",0
1121,2021-07-21,6,"""Biomass""",2430
1122,2021-07-21,7,"""Solar""",1
1123,2021-07-21,7,"""Wind Offshore""",519.479
1124,2021-07-21,7,"""Wind Onshore""",279.936
1125,2021-07-21,7,"""Other""",139
1126,2021-07-21,7,"""Nuclear""",4709
1127,2021-07-21,7,"""Fossil Oil""",0
1128,2021-07-21,7,"""Fossil Gas""",12382
1129,2021-07-21,7,"""Fossil Hard coal""",0
1130,2021-07-21,7,"""Hydro Run-of-river and poundage""",51
1131,2021-07-21,7,"""Hydro Pumped Storage""",0
1132,2021-07-21,7,"""Biomass""",2433
1133,2021-07-21,8,"""Solar""",0
1134,2021-07-21,8,"""Wind Offshore""",516.881
1135,2021-07-21,8,"""Wind Onshore""",271.805
1136,2021-07-21,8,"""Other""",139
1137,2021-07-21,8,"""Nuclear""",4703
1138,2021-07-21,8,"""Fossil Oil""",0
1139,2021-07-21,8,"""Fossil Gas""",12331
1140,2021-07-21,8,"""Fossil Hard coal""",0
1141,2021-07-21,8,"""Hydro Run-of-river and poundage""",51
1142,2021-07-21,8,"""Hydro Pumped Storage""",0
1143,2021-07-21,8,"""Biomass""",2439
1144,2021-07-21,9,"""Solar""",0
1145,2021-07-21,9,"""Wind Offshore""",491.053
1146,2021-07-21,9,"""Wind Onshore""",264.422
1147,2021-07-21,9,"""Other""",141
1148,2021-07-21,9,"""Nuclear""",4698
1149,2021-07-21,9,"""Fossil Oil""",0
1150,2021-07-21,9,"""Fossil Gas""",12291
1151,2021-07-21,9,"""Fossil Hard coal""",0
1152,2021-07-21,9,"""Hydro Run-of-river and poundage""",51
1153,2021-07-21,9,"""Hydro Pumped Storage""",0
1154,2021-07-21,9,"""Biomass""",2458
1155,2021-07-21,10,"""Solar""",0
1156,2021-07-21,10,"""Wind Offshore""",477.747
1157,2021-07-21,10,"""Wind Onshore""",253.055
1158,2021-07-21,10,"""Other""",142
1159,2021-07-21,10,"""Nuclear""",4715
1160,2021-07-21,10,"""Fossil Oil""",0
1161,2021-07-21,10,"""Fossil Gas""",12364
1162,2021-07-21,10,"""Fossil Hard coal""",0
1163,2021-07-21,10,"""Hydro Run-of-river and poundage""",51
1164,2021-07-21,10,"""Hydro Pumped Storage""",0
1165,2021-07-21,10,"""Biomass""",2502
1166,2021-07-21,11,"""Solar""",3
1167,2021-07-21,11,"""Wind Offshore""",497.209
1168,2021-07-21,11,"""Wind Onshore""",237.16
1169,2021-07-21,11,"""Other""",141
1170,2021-07-21,11,"""Nuclear""",4704
1171,2021-07-21,11,"""Fossil Oil""",0
1172,2021-07-21,11,"""Fossil Gas""",12381
1173,2021-07-21,11,"""Fossil Hard coal""",0
1174,2021-07-21,11,"""Hydro Run-of-river and poundage""",51
1175,2021-07-21,11,"""Hydro Pumped Storage""",0
1176,2021-07-21,11,"""Biomass""",2504
1177,2021-07-21,12,"""Solar""",91
1178,2021-07-21,12,"""Wind Offshore""",456.097
1179,2021-07-21,12,"""Wind Onshore""",227.926
1180,2021-07-21,12,"""Other""",140
1181,2021-07-21,12,"""Nuclear""",4700
1182,2021-07-21,12,"""Fossil Oil""",0
1183,2021-07-21,12,"""Fossil Gas""",12777
1184,2021-07-21,12,"""Fossil Hard coal""",0
1185,2021-07-21,12,"""Hydro Run-of-river and poundage""",51
1186,2021-07-21,12,"""Hydro Pumped Storage""",0
1187,2021-07-21,12,"""Biomass""",2503
1188,2021-07-21,13,"""Solar""",343
1189,2021-07-21,13,"""Wind Offshore""",25.025
1190,2021-07-21,13,"""Wind Onshore""",193.371
1191,2021-07-21,13,"""Other""",141
1192,2021-07-21,13,"""Nuclear""",4700
1193,2021-07-21,13,"""Fossil Oil""",0
1194,2021-07-21,13,"""Fossil Gas""",13334
1195,2021-07-21,13,"""Fossil Hard coal""",0
1196,2021-07-21,13,"""Hydro Run-of-river and poundage""",51
1197,2021-07-21,13,"""Hydro Pumped Storage""",0
1198,2021-07-21,13,"""Biomass""",2507
1199,2021-07-21,14,"""Solar""",701
1200,2021-07-21,14,"""Wind Offshore""",421.527
1201,2021-07-21,14,"""Wind Onshore""",238.3
1202,2021-07-21,14,"""Other""",141
1203,2021-07-21,14,"""Nuclear""",4708
1204,2021-07-21,14,"""Fossil Oil""",0
1205,2021-07-21,14,"""Fossil Gas""",14309
1206,2021-07-21,14,"""Fossil Hard coal""",45
1207,2021-07-21,14,"""Hydro Run-of-river and poundage""",51
1208,2021-07-21,14,"""Hydro Pumped Storage""",0
1209,2021-07-21,14,"""Biomass""",2492
1210,2021-07-21,15,"""Solar""",1160
1211,2021-07-21,15,"""Wind Offshore""",392.232
1212,2021-07-21,15,"""Wind Onshore""",217.187
1213,2021-07-21,15,"""Other""",198
1214,2021-07-21,15,"""Nuclear""",4710
1215,2021-07-21,15,"""Fossil Oil""",0
1216,2021-07-21,15,"""Fossil Gas""",15493
1217,2021-07-21,15,"""Fossil Hard coal""",353
1218,2021-07-21,15,"""Hydro Run-of-river and poundage""",51
1219,2021-07-21,15,"""Hydro Pumped Storage""",0
1220,2021-07-21,15,"""Biomass""",2478
1221,2021-07-21,16,"""Solar""",1720
1222,2021-07-21,16,"""Wind Offshore""",358.179
1223,2021-07-21,16,"""Wind Onshore""",214.821
1224,2021-07-21,16,"""Other""",246
1225,2021-07-21,16,"""Nuclear""",4712
1226,2021-07-21,16,"""Fossil Oil""",0
1227,2021-07-21,16,"""Fossil Gas""",15984
1228,2021-07-21,16,"""Fossil Hard coal""",817
1229,2021-07-21,16,"""Hydro Run-of-river and poundage""",51
1230,2021-07-21,16,"""Hydro Pumped Storage""",0
1231,2021-07-21,16,"""Biomass""",2491
1232,2021-07-21,17,"""Solar""",2350
1233,2021-07-21,17,"""Wind Offshore""",331.397
1234,2021-07-21,17,"""Wind Onshore""",205.49
1235,2021-07-21,17,"""Other""",383
1236,2021-07-21,17,"""Nuclear""",4710
1237,2021-07-21,17,"""Fossil Oil""",0
1238,2021-07-21,17,"""Fossil Gas""",16238
1239,2021-07-21,17,"""Fossil Hard coal""",971
1240,2021-07-21,17,"""Hydro Run-of-river and poundage""",128
1241,2021-07-21,17,"""Hydro Pumped Storage""",297
1242,2021-07-21,17,"""Biomass""",2490
1243,2021-07-21,18,"""Solar""",3020
1244,2021-07-21,18,"""Wind Offshore""",321.775
1245,2021-07-21,18,"""Wind Onshore""",198.729
1246,2021-07-21,18,"""Other""",502
1247,2021-07-21,18,"""Nuclear""",4704
1248,2021-07-21,18,"""Fossil Oil""",0
1249,2021-07-21,18,"""Fossil Gas""",16043
1250,2021-07-21,18,"""Fossil Hard coal""",978
1251,2021-07-21,18,"""Hydro Run-of-river and poundage""",142
1252,2021-07-21,18,"""Hydro Pumped Storage""",787
1253,2021-07-21,18,"""Biomass""",2484
1254,2021-07-21,19,"""Solar""",3740
1255,2021-07-21,19,"""Wind Offshore""",283.367
1256,2021-07-21,19,"""Wind Onshore""",205.311
1257,2021-07-21,19,"""Other""",505
1258,2021-07-21,19,"""Nuclear""",4700
1259,2021-07-21,19,"""Fossil Oil""",0
1260,2021-07-21,19,"""Fossil Gas""",16171
1261,2021-07-21,19,"""Fossil Hard coal""",978
1262,2021-07-21,19,"""Hydro Run-of-river and poundage""",142
1263,2021-07-21,19,"""Hydro Pumped Storage""",598
1264,2021-07-21,19,"""Biomass""",2458
